{
  "project_info": {
    "project_number": "169295457156",
    "firebase_url": "https://library-seat-booking-sys-13fe1-default-rtdb.firebaseio.com",
    "project_id": "library-seat-booking-sys-13fe1",
    "storage_bucket": "library-seat-booking-sys-13fe1.appspot.com"
  },
  "client": [
    {
      "client_info": {
        "mobilesdk_app_id": "1:169295457156:android:c063080555adbd40f18bd1",
        "android_client_info": {
          "package_name": "com.example.libraryseatbookingsystem"
        }
      },
      "oauth_client": [
        {
          "client_id": "169295457156-do0li66d33vcucnpsl7pvhi2qmfllc5d.apps.googleusercontent.com",
          "client_type": 1,
          "android_info": {
            "package_name": "com.example.libraryseatbookingsystem",
            "certificate_hash": "ad87e72253f0ab49e241aef9d4acc7b5756d1de6"
          }
        },
        {
          "client_id": "169295457156-o9qsvmp9mke0tnmf1c1o3cps0ju7o2jr.apps.googleusercontent.com",
          "client_type": 1,
          "android_info": {
            "package_name": "com.example.libraryseatbookingsystem",
            "certificate_hash": "cd5ee479eb64d513d68842ec7e306926d48081c9"
          }
        },
        {
          "client_id": "169295457156-oc3k5mb9qiq7hlkt01ao0t8pre160p5p.apps.googleusercontent.com",
          "client_type": 1,
          "android_info": {
            "package_name": "com.example.libraryseatbookingsystem",
            "certificate_hash": "2eaff1b0efa7bba9f9b9c4c3223d5a6fa06e6e16"
          }
        },
        {
          "client_id": "169295457156-3uda6ms0aneme745tb2cj3adlm0f1s32.apps.googleusercontent.com",
          "client_type": 3
        }
      ],
      "api_key": [
        {
          "current_key": "AIzaSyALQSkipQQV9KObMKE9R5OKLEh7ixtY3Ks"
        }
      ],
      "services": {
        "appinvite_service": {
          "other_platform_oauth_client": [
            {
              "client_id": "169295457156-3uda6ms0aneme745tb2cj3adlm0f1s32.apps.googleusercontent.com",
              "client_type": 3
            }
          ]
        }
      }
    }
  ],
  "configuration_version": "1"
}